index,ID,Class
0,SPLUS.STRIPE82-0103.10375.griz,MergerObj
1,SPLUS.STRIPE82-0107.10623.griz,MergerAs
2,SPLUS.STRIPE82-0109.09067.griz,MergerAs
3,SPLUS.STRIPE82-0109.07277.griz,MergerAs
4,SPLUS.STRIPE82-0115.07505.griz,MergerObj
5,SPLUS.STRIPE82-0105.32544.griz,MergerFake
6,SPLUS.STRIPE82-0105.32959.griz,MergerObj
7,SPLUS.STRIPE82-0109.39414.griz,MergerObj
8,SPLUS.STRIPE82-0109.37934.griz,Leave
9,SPLUS.STRIPE82-0109.32427.griz,MergerObj
10,SPLUS.STRIPE82-0113.30383.griz,MergerAs
11,SPLUS.STRIPE82-0117.28213.griz,MergerAs
12,SPLUS.STRIPE82-0123.18851.griz,MergerObj
13,SPLUS.STRIPE82-0101.78535.griz,MergerAs
14,SPLUS.STRIPE82-0105.57713.griz,MergerObj
15,SPLUS.STRIPE82-0109.54390.griz,MergerObj
16,SPLUS.STRIPE82-0109.50998.griz,Leave
17,SPLUS.STRIPE82-0117.55040.griz,Leave
18,SPLUS.STRIPE82-0119.55892.griz,MergerObj
19,SPLUS.STRIPE82-0121.41209.griz,MergerObj
20,SPLUS.STRIPE82-0102.09649.griz,Leave
21,SPLUS.STRIPE82-0104.09725.griz,MergerAs
22,SPLUS.STRIPE82-0104.10609.griz,MergerObj
23,SPLUS.STRIPE82-0104.05275.griz,MergerAs
24,SPLUS.STRIPE82-0108.04643.griz,MergerAs
25,SPLUS.STRIPE82-0110.04131.griz,Leave
26,SPLUS.STRIPE82-0110.07173.griz,MergerAs
27,SPLUS.STRIPE82-0109.60050.griz,MergerObj
28,SPLUS.STRIPE82-0110.07111.griz,Leave
29,SPLUS.STRIPE82-0114.03218.griz,Leave
30,SPLUS.STRIPE82-0114.05695.griz,MergerObj
31,SPLUS.STRIPE82-0114.05945.griz,MergerObj
32,SPLUS.STRIPE82-0118.05687.griz,MergerObj
33,SPLUS.STRIPE82-0120.00573.griz,MergerAs
34,SPLUS.STRIPE82-0120.00511.griz,MergerAs
35,SPLUS.STRIPE82-0120.04145.griz,MergerObj
36,SPLUS.STRIPE82-0122.05586.griz,Leave
37,SPLUS.STRIPE82-0124.04041.griz,MergerAs
38,SPLUS.STRIPE82-0106.23305.griz,MergerAs
39,SPLUS.STRIPE82-0106.23572.griz,Leave
40,SPLUS.STRIPE82-0108.22288.griz,MergerAs
41,SPLUS.STRIPE82-0110.21278.griz,MergerObj
42,SPLUS.STRIPE82-0112.22006.griz,MergerObj
43,SPLUS.STRIPE82-0114.19108.griz,MergerAs
44,SPLUS.STRIPE82-0114.20607.griz,MergerAs
45,SPLUS.STRIPE82-0116.22620.griz,MergerObj
46,SPLUS.STRIPE82-0122.13765.griz,MergerObj
47,SPLUS.STRIPE82-0122.15784.griz,MergerObj
48,SPLUS.STRIPE82-0124.22098.griz,MergerObj
49,SPLUS.STRIPE82-0124.20617.griz,Leave
50,SPLUS.STRIPE82-0126.06694.griz,MergerObj
51,SPLUS.STRIPE82-0106.36105.griz,MergerObj
52,SPLUS.STRIPE82-0110.40740.griz,MergerObj
53,SPLUS.STRIPE82-0110.46258.griz,MergerAs
54,SPLUS.STRIPE82-0110.41610.griz,MergerAs
55,SPLUS.STRIPE82-0112.35183.griz,MergerObj
56,SPLUS.STRIPE82-0116.44004.griz,MergerAs
57,SPLUS.STRIPE82-0118.31917.griz,Leave
58,SPLUS.STRIPE82-0118.45280.griz,MergerObj
59,SPLUS.STRIPE82-0118.32304.griz,MergerObj
60,SPLUS.STRIPE82-0120.44059.griz,MergerObj
61,SPLUS.STRIPE82-0124.33433.griz,Leave
62,SPLUS.STRIPE82-0124.37140.griz,MergerAs
63,SPLUS.STRIPE82-0109.25982.griz,Leave
64,SPLUS.STRIPE82-0109.24853.griz,MergerObj
65,SPLUS.STRIPE82-0109.23904.griz,MergerObj
66,SPLUS.STRIPE82-0111.19413.griz,MergerObj
67,SPLUS.STRIPE82-0111.20427.griz,MergerObj
68,SPLUS.STRIPE82-0099.59149.griz,Leave
69,SPLUS.STRIPE82-0113.40104.griz,MergerObj
70,SPLUS.STRIPE82-0115.44467.griz,MergerObj
71,SPLUS.STRIPE82-0105.68357.griz,Leave
72,SPLUS.STRIPE82-0105.64000.griz,MergerObj
73,SPLUS.STRIPE82-0109.65265.griz,Leave
74,SPLUS.STRIPE82-0111.53975.griz,MergerObj
75,SPLUS.STRIPE82-0102.27281.griz,MergerAs
76,SPLUS.STRIPE82-0104.14663.griz,Lenticular
77,SPLUS.STRIPE82-0106.12516.griz,MergerAs
78,SPLUS.STRIPE82-0108.14878.griz,MergerObj
79,SPLUS.STRIPE82-0108.09339.griz,Leave
80,SPLUS.STRIPE82-0110.11147.griz,MergerAs
81,SPLUS.STRIPE82-0112.11257.griz,MergerObj
82,SPLUS.STRIPE82-0112.15579.griz,MergerObj
83,SPLUS.STRIPE82-0112.10566.griz,MergerObj
84,SPLUS.STRIPE82-0112.10250.griz,MergerObj
85,SPLUS.STRIPE82-0114.08438.griz,MergerObj
86,SPLUS.STRIPE82-0102.53159.griz,MergerAs
87,SPLUS.STRIPE82-0104.39955.griz,Leave
88,SPLUS.STRIPE82-0108.29459.griz,MergerObj
89,SPLUS.STRIPE82-0112.26090.griz,MergerObj
90,SPLUS.STRIPE82-0102.80472.griz,MergerObj
91,SPLUS.STRIPE82-0102.86352.griz,Leave
92,SPLUS.STRIPE82-0102.89731.griz,MergerObj
93,SPLUS.STRIPE82-0104.68755.griz,MergerAs
94,SPLUS.STRIPE82-0104.75146.griz,MergerObj
95,SPLUS.STRIPE82-0104.71070.griz,MergerObj
96,SPLUS.STRIPE82-0106.56560.griz,Leave
97,SPLUS.STRIPE82-0114.37213.griz,MergerAs
98,SPLUS.STRIPE82-0114.40297.griz,MergerAs
99,SPLUS.STRIPE82-0117.21912.griz,MergerObj
100,SPLUS.STRIPE82-0119.17741.griz,MergerObj
101,SPLUS.STRIPE82-0121.15004.griz,MergerObj
102,SPLUS.STRIPE82-0131.15456.griz,Leave
103,SPLUS.STRIPE82-0133.15513.griz,MergerObj
104,SPLUS.STRIPE82-0149.12036.griz,MergerObj
105,SPLUS.STRIPE82-0149.11250.griz,MergerObj
106,SPLUS.STRIPE82-0159.05043.griz,MergerObj
107,SPLUS.STRIPE82-0163.10221.griz,MergerObj
108,SPLUS.STRIPE82-0163.10479.griz,Leave
109,SPLUS.STRIPE82-0007.09353.griz,MergerObj
110,SPLUS.STRIPE82-0015.09867.griz,MergerObj
111,SPLUS.STRIPE82-0015.08699.griz,MergerObj
112,SPLUS.STRIPE82-0017.08299.griz,MergerObj
113,SPLUS.STRIPE82-0017.11758.griz,MergerObj
114,SPLUS.STRIPE82-0017.11120.griz,MergerObj
115,SPLUS.STRIPE82-0019.09156.griz,MergerAs
116,SPLUS.STRIPE82-0021.11369.griz,MergerObj
117,SPLUS.STRIPE82-0119.37403.griz,MergerObj
118,SPLUS.STRIPE82-0121.34083.griz,MergerAs
119,SPLUS.STRIPE82-0123.25888.griz,MergerObj
120,SPLUS.STRIPE82-0143.25080.griz,Leave
121,SPLUS.STRIPE82-0143.24632.griz,MergerObj
122,SPLUS.STRIPE82-0149.29986.griz,Spiral
123,SPLUS.STRIPE82-0149.30052.griz,Leave
124,SPLUS.STRIPE82-0149.28118.griz,MergerObj
125,SPLUS.STRIPE82-0149.21240.griz,MergerObj
126,SPLUS.STRIPE82-0163.26125.griz,Leave
127,SPLUS.STRIPE82-0165.28982.griz,MergerObj
128,SPLUS.STRIPE82-0169.11825.griz,MergerAs
129,SPLUS.STRIPE82-0003.23498.griz,Leave
130,SPLUS.STRIPE82-0005.25642.griz,Leave
131,SPLUS.STRIPE82-0007.27954.griz,MergerObj
132,SPLUS.STRIPE82-0007.25741.griz,MergerObj
133,SPLUS.STRIPE82-0007.26801.griz,Leave
134,SPLUS.STRIPE82-0007.28072.griz,MergerObj
135,SPLUS.STRIPE82-0007.28280.griz,MergerObj
136,SPLUS.STRIPE82-0009.30261.griz,Leave
137,SPLUS.STRIPE82-0009.27234.griz,MergerObj
138,SPLUS.STRIPE82-0009.34136.griz,Leave
139,SPLUS.STRIPE82-0009.32314.griz,Leave
140,SPLUS.STRIPE82-0013.29847.griz,MergerObj
141,SPLUS.STRIPE82-0019.24706.griz,MergerObj
142,SPLUS.STRIPE82-0119.48800.griz,MergerObj
143,SPLUS.STRIPE82-0121.36054.griz,MergerObj
144,SPLUS.STRIPE82-0125.34088.griz,Leave
145,SPLUS.STRIPE82-0127.34205.griz,MergerAs
146,SPLUS.STRIPE82-0127.34307.griz,MergerAs
147,SPLUS.STRIPE82-0127.35071.griz,MergerObj
148,SPLUS.STRIPE82-0131.31948.griz,MergerObj
149,SPLUS.STRIPE82-0133.35573.griz,MergerObj
150,SPLUS.STRIPE82-0137.31782.griz,MergerObj
151,SPLUS.STRIPE82-0143.26368.griz,MergerAs
152,SPLUS.STRIPE82-0157.33703.griz,Leave
153,SPLUS.STRIPE82-0157.34413.griz,MergerAs
154,SPLUS.STRIPE82-0163.19329.griz,MergerAs
155,SPLUS.STRIPE82-0166.00359.griz,MergerObj
156,SPLUS.STRIPE82-0165.20995.griz,MergerObj
157,SPLUS.STRIPE82-0169.14035.griz,MergerAs
158,SPLUS.STRIPE82-0001.15853.griz,MergerObj
159,SPLUS.STRIPE82-0003.16989.griz,Leave
160,SPLUS.STRIPE82-0005.12433.griz,MergerObj
161,SPLUS.STRIPE82-0005.16593.griz,MergerObj
162,SPLUS.STRIPE82-0007.30696.griz,Leave
163,SPLUS.STRIPE82-0009.38538.griz,MergerObj
164,SPLUS.STRIPE82-0011.19690.griz,Leave
165,SPLUS.STRIPE82-0017.16354.griz,Leave
166,SPLUS.STRIPE82-0019.14324.griz,MergerObj
167,SPLUS.STRIPE82-0019.18233.griz,Leave
168,SPLUS.STRIPE82-0021.19778.griz,Leave
169,SPLUS.STRIPE82-0116.13629.griz,MergerObj
170,SPLUS.STRIPE82-0118.13491.griz,MergerAs
171,SPLUS.STRIPE82-0118.10348.griz,Leave
172,SPLUS.STRIPE82-0120.11432.griz,Leave
173,SPLUS.STRIPE82-0126.04602.griz,MergerObj
174,SPLUS.STRIPE82-0132.10682.griz,MergerObj
175,SPLUS.STRIPE82-0134.07200.griz,MergerObj
176,SPLUS.STRIPE82-0140.10030.griz,MergerObj
177,SPLUS.STRIPE82-0148.09104.griz,MergerAs
178,SPLUS.STRIPE82-0148.08647.griz,MergerObj
179,SPLUS.STRIPE82-0148.06976.griz,MergerObj
180,SPLUS.STRIPE82-0148.08521.griz,MergerObj
181,SPLUS.STRIPE82-0150.06148.griz,MergerAs
182,SPLUS.STRIPE82-0150.06060.griz,MergerAs
183,SPLUS.STRIPE82-0150.04462.griz,MergerObj
184,SPLUS.STRIPE82-0150.04521.griz,MergerObj
185,SPLUS.STRIPE82-0150.04644.griz,MergerObj
186,SPLUS.STRIPE82-0154.09653.griz,MergerObj
187,SPLUS.STRIPE82-0156.07448.griz,Leave
188,SPLUS.STRIPE82-0158.07342.griz,MergerAs
189,SPLUS.STRIPE82-0162.06940.griz,MergerObj
190,SPLUS.STRIPE82-0164.12678.griz,Leave
191,SPLUS.STRIPE82-0168.03323.griz,Leave
192,SPLUS.STRIPE82-0170.06654.griz,MergerObj
193,SPLUS.STRIPE82-0002.06705.griz,MergerObj
194,SPLUS.STRIPE82-0008.08854.griz,MergerObj
195,SPLUS.STRIPE82-0008.08747.griz,MergerObj
196,SPLUS.STRIPE82-0012.07885.griz,Leave
197,SPLUS.STRIPE82-0014.07004.griz,MergerObj
198,SPLUS.STRIPE82-0014.08047.griz,MergerObj
199,SPLUS.STRIPE82-0014.06772.griz,MergerObj
200,SPLUS.STRIPE82-0020.05603.griz,MergerObj
201,SPLUS.STRIPE82-0020.08922.griz,MergerObj
202,SPLUS.STRIPE82-0116.29710.griz,MergerAs
203,SPLUS.STRIPE82-0116.28443.griz,MergerObj
204,SPLUS.STRIPE82-0120.24091.griz,Leave
205,SPLUS.STRIPE82-0122.20078.griz,MergerAs
206,SPLUS.STRIPE82-0122.25052.griz,MergerAs
207,SPLUS.STRIPE82-0124.25352.griz,MergerObj
208,SPLUS.STRIPE82-0134.14829.griz,MergerObj
209,SPLUS.STRIPE82-0136.17104.griz,MergerObj
210,SPLUS.STRIPE82-0138.14493.griz,Leave
211,SPLUS.STRIPE82-0138.17580.griz,Leave
212,SPLUS.STRIPE82-0138.15457.griz,Leave
213,SPLUS.STRIPE82-0140.23839.griz,MergerObj
214,SPLUS.STRIPE82-0142.14316.griz,MergerAs
215,SPLUS.STRIPE82-0148.30560.griz,MergerObj
216,SPLUS.STRIPE82-0150.22355.griz,Leave
217,SPLUS.STRIPE82-0152.19724.griz,MergerObj
218,SPLUS.STRIPE82-0152.23488.griz,MergerObj
219,SPLUS.STRIPE82-0156.17241.griz,Leave
220,SPLUS.STRIPE82-0170.18118.griz,MergerAs
221,SPLUS.STRIPE82-0170.17630.griz,MergerObj
222,SPLUS.STRIPE82-0002.16968.griz,MergerAs
223,SPLUS.STRIPE82-0006.11887.griz,MergerObj
224,SPLUS.STRIPE82-0008.15010.griz,MergerObj
225,SPLUS.STRIPE82-0010.21774.griz,MergerObj
226,SPLUS.STRIPE82-0016.29594.griz,Leave
227,SPLUS.STRIPE82-0120.39437.griz,MergerObj
228,SPLUS.STRIPE82-0120.42288.griz,MergerObj
229,SPLUS.STRIPE82-0120.41276.griz,MergerObj
230,SPLUS.STRIPE82-0122.35279.griz,MergerAs
231,SPLUS.STRIPE82-0126.14651.griz,Leave
232,SPLUS.STRIPE82-0134.19628.griz,MergerObj
233,SPLUS.STRIPE82-0140.36227.griz,MergerObj
234,SPLUS.STRIPE82-0142.19938.griz,MergerObj
235,SPLUS.STRIPE82-0144.21279.griz,MergerObj
236,SPLUS.STRIPE82-0146.20623.griz,MergerObj
237,SPLUS.STRIPE82-0148.22709.griz,MergerAs
238,SPLUS.STRIPE82-0150.16422.griz,MergerObj
239,SPLUS.STRIPE82-0150.16895.griz,MergerObj
240,SPLUS.STRIPE82-0150.16245.griz,MergerObj
241,SPLUS.STRIPE82-0152.36499.griz,MergerObj
242,SPLUS.STRIPE82-0154.35821.griz,MergerObj
243,SPLUS.STRIPE82-0158.22941.griz,MergerObj
244,SPLUS.STRIPE82-0158.23201.griz,MergerObj
245,SPLUS.STRIPE82-0164.34174.griz,Leave
246,SPLUS.STRIPE82-0006.16064.griz,MergerObj
247,SPLUS.STRIPE82-0008.21620.griz,MergerObj
248,SPLUS.STRIPE82-0012.21024.griz,MergerObj
249,SPLUS.STRIPE82-0012.22564.griz,Leave
250,SPLUS.STRIPE82-0014.21800.griz,MergerAs
251,SPLUS.STRIPE82-0014.20318.griz,MergerAs
252,SPLUS.STRIPE82-0014.22249.griz,MergerObj
253,SPLUS.STRIPE82-0014.23926.griz,Leave
254,SPLUS.STRIPE82-0016.20388.griz,MergerAs
255,SPLUS.STRIPE82-0020.22414.griz,MergerObj
256,SPLUS.STRIPE82-0116.43845.griz,Leave
257,SPLUS.STRIPE82-0023.11209.griz,Leave
258,SPLUS.STRIPE82-0027.09330.griz,MergerObj
259,SPLUS.STRIPE82-0031.08549.griz,MergerObj
260,SPLUS.STRIPE82-0035.06190.griz,MergerObj
261,SPLUS.STRIPE82-0037.09417.griz,MergerObj
262,SPLUS.STRIPE82-0041.11800.griz,MergerObj
263,SPLUS.STRIPE82-0041.13217.griz,MergerObj
264,SPLUS.STRIPE82-0045.11624.griz,MergerObj
265,SPLUS.STRIPE82-0047.05450.griz,MergerObj
266,SPLUS.STRIPE82-0047.08484.griz,MergerObj
267,SPLUS.STRIPE82-0047.08551.griz,MergerObj
268,SPLUS.STRIPE82-0047.05474.griz,MergerObj
269,SPLUS.STRIPE82-0051.11425.griz,MergerObj
270,SPLUS.STRIPE82-0053.10311.griz,Leave
271,SPLUS.STRIPE82-0053.12676.griz,Leave
272,SPLUS.STRIPE82-0053.13279.griz,MergerObj
273,SPLUS.STRIPE82-0055.08483.griz,Leave
274,SPLUS.STRIPE82-0059.11495.griz,MergerObj
275,SPLUS.STRIPE82-0065.09058.griz,MergerObj
276,SPLUS.STRIPE82-0067.09798.griz,MergerObj
277,SPLUS.STRIPE82-0067.09715.griz,Leave
278,SPLUS.STRIPE82-0083.09139.griz,Leave
279,SPLUS.STRIPE82-0083.08175.griz,Leave
280,SPLUS.STRIPE82-0023.25362.griz,MergerObj
281,SPLUS.STRIPE82-0029.25501.griz,Leave
282,SPLUS.STRIPE82-0029.30072.griz,MergerObj
283,SPLUS.STRIPE82-0029.24730.griz,MergerObj
284,SPLUS.STRIPE82-0033.28910.griz,MergerObj
285,SPLUS.STRIPE82-0033.18167.griz,Leave
286,SPLUS.STRIPE82-0035.24727.griz,Leave
287,SPLUS.STRIPE82-0035.20761.griz,MergerAs
288,SPLUS.STRIPE82-0037.19953.griz,Leave
289,SPLUS.STRIPE82-0037.25618.griz,MergerAs
290,SPLUS.STRIPE82-0039.28561.griz,MergerObj
291,SPLUS.STRIPE82-0039.29414.griz,Leave
292,SPLUS.STRIPE82-0039.29040.griz,MergerAs
293,SPLUS.STRIPE82-0041.30046.griz,MergerObj
294,SPLUS.STRIPE82-0043.28909.griz,MergerObj
295,SPLUS.STRIPE82-0043.23252.griz,MergerObj
296,SPLUS.STRIPE82-0045.27290.griz,MergerObj
297,SPLUS.STRIPE82-0047.19902.griz,MergerAs
298,SPLUS.STRIPE82-0055.24059.griz,MergerObj
299,SPLUS.STRIPE82-0059.22661.griz,MergerObj
300,SPLUS.STRIPE82-0059.25256.griz,MergerObj
301,SPLUS.STRIPE82-0059.23790.griz,MergerObj
302,SPLUS.STRIPE82-0069.29473.griz,MergerObj
303,SPLUS.STRIPE82-0071.25812.griz,MergerObj
304,SPLUS.STRIPE82-0073.28807.griz,Leave
305,SPLUS.STRIPE82-0077.30214.griz,MergerAs
306,SPLUS.STRIPE82-0023.19924.griz,MergerObj
307,SPLUS.STRIPE82-0027.16843.griz,MergerObj
308,SPLUS.STRIPE82-0027.19010.griz,MergerObj
309,SPLUS.STRIPE82-0031.19381.griz,Leave
310,SPLUS.STRIPE82-0037.15970.griz,MergerAs
311,SPLUS.STRIPE82-0041.33373.griz,MergerAs
312,SPLUS.STRIPE82-0047.14567.griz,Leave
313,SPLUS.STRIPE82-0047.13092.griz,MergerObj
314,SPLUS.STRIPE82-0049.35112.griz,MergerObj
315,SPLUS.STRIPE82-0051.35301.griz,MergerObj
316,SPLUS.STRIPE82-0053.18999.griz,MergerAs
317,SPLUS.STRIPE82-0055.18003.griz,MergerObj
318,SPLUS.STRIPE82-0067.18652.griz,MergerObj
319,SPLUS.STRIPE82-0067.18230.griz,MergerObj
320,SPLUS.STRIPE82-0069.23706.griz,Leave
321,SPLUS.STRIPE82-0073.16903.griz,MergerObj
322,SPLUS.STRIPE82-0073.17583.griz,MergerObj
323,SPLUS.STRIPE82-0075.16560.griz,MergerObj
324,SPLUS.STRIPE82-0026.10329.griz,MergerObj
325,SPLUS.STRIPE82-0028.03200.griz,Leave
326,SPLUS.STRIPE82-0028.04434.griz,MergerObj
327,SPLUS.STRIPE82-0030.07622.griz,MergerObj
328,SPLUS.STRIPE82-0030.08342.griz,MergerObj
329,SPLUS.STRIPE82-0047.13092.griz,MergerObj
330,SPLUS.STRIPE82-0049.35112.griz,MergerObj
331,SPLUS.STRIPE82-0051.35301.griz,MergerObj
332,SPLUS.STRIPE82-0053.18999.griz,MergerAs
333,SPLUS.STRIPE82-0055.18003.griz,Leave
334,SPLUS.STRIPE82-0067.18652.griz,MergerObj
335,SPLUS.STRIPE82-0067.18230.griz,MergerObj
336,SPLUS.STRIPE82-0069.23706.griz,MergerAs
337,SPLUS.STRIPE82-0073.16903.griz,MergerObj
338,SPLUS.STRIPE82-0073.17583.griz,MergerObj
339,SPLUS.STRIPE82-0075.16560.griz,MergerObj
340,SPLUS.STRIPE82-0026.10329.griz,MergerObj
341,SPLUS.STRIPE82-0028.03200.griz,Leave
342,SPLUS.STRIPE82-0028.04434.griz,MergerObj
343,SPLUS.STRIPE82-0030.07622.griz,MergerObj
344,SPLUS.STRIPE82-0030.08342.griz,MergerObj
345,SPLUS.STRIPE82-0032.07571.griz,MergerObj
346,SPLUS.STRIPE82-0038.04816.griz,MergerObj
347,SPLUS.STRIPE82-0038.05262.griz,MergerAs
348,SPLUS.STRIPE82-0038.04988.griz,MergerObj
349,SPLUS.STRIPE82-0042.07453.griz,MergerObj
350,SPLUS.STRIPE82-0044.09731.griz,MergerObj
351,SPLUS.STRIPE82-0044.08343.griz,Leave
352,SPLUS.STRIPE82-0046.02974.griz,MergerObj
353,SPLUS.STRIPE82-0046.02967.griz,MergerObj
354,SPLUS.STRIPE82-0060.04587.griz,Leave
355,SPLUS.STRIPE82-0066.07117.griz,MergerObj
356,SPLUS.STRIPE82-0066.10952.griz,MergerObj
357,SPLUS.STRIPE82-0068.10052.griz,MergerAs
358,SPLUS.STRIPE82-0070.03458.griz,MergerObj
359,SPLUS.STRIPE82-0074.09029.griz,MergerObj
360,SPLUS.STRIPE82-0032.14567.griz,Leave
361,SPLUS.STRIPE82-0034.16122.griz,Leave
362,SPLUS.STRIPE82-0034.12933.griz,MergerObj
363,SPLUS.STRIPE82-0036.15265.griz,Leave
364,SPLUS.STRIPE82-0038.26063.griz,MergerObj
365,SPLUS.STRIPE82-0046.12290.griz,MergerAs
366,SPLUS.STRIPE82-0056.17856.griz,MergerObj
367,SPLUS.STRIPE82-0058.14225.griz,MergerObj
368,SPLUS.STRIPE82-0060.20677.griz,MergerObj
369,SPLUS.STRIPE82-0066.22965.griz,MergerAs
370,SPLUS.STRIPE82-0068.23500.griz,MergerAs
371,SPLUS.STRIPE82-0076.19067.griz,MergerObj
372,SPLUS.STRIPE82-0080.12759.griz,MergerObj
373,SPLUS.STRIPE82-0024.20125.griz,MergerAs
374,SPLUS.STRIPE82-0026.37697.griz,MergerAs
375,SPLUS.STRIPE82-0026.37428.griz,MergerObj
376,SPLUS.STRIPE82-0026.35226.griz,MergerAs
377,SPLUS.STRIPE82-0030.34793.griz,MergerObj
378,SPLUS.STRIPE82-0032.19382.griz,Leave
379,SPLUS.STRIPE82-0034.21160.griz,Leave
380,SPLUS.STRIPE82-0034.20108.griz,MergerObj
381,SPLUS.STRIPE82-0036.10803.griz,MergerObj
382,SPLUS.STRIPE82-0036.11880.griz,MergerObj
383,SPLUS.STRIPE82-0038.21721.griz,MergerObj
384,SPLUS.STRIPE82-0042.22978.griz,MergerObj
385,SPLUS.STRIPE82-0044.22470.griz,Leave
386,SPLUS.STRIPE82-0044.23149.griz,MergerObj
387,SPLUS.STRIPE82-0048.21174.griz,MergerAs
388,SPLUS.STRIPE82-0054.21025.griz,Leave
389,SPLUS.STRIPE82-0054.20850.griz,MergerObj
390,SPLUS.STRIPE82-0064.20058.griz,MergerObj
391,SPLUS.STRIPE82-0064.23491.griz,MergerObj
392,SPLUS.STRIPE82-0070.18641.griz,MergerAs
393,SPLUS.STRIPE82-0072.20093.griz,MergerObj
394,SPLUS.STRIPE82-0129.05773.griz,MergerObj
395,SPLUS.STRIPE82-0133.07302.griz,MergerObj
396,SPLUS.STRIPE82-0133.07955.griz,Leave
397,SPLUS.STRIPE82-0135.07899.griz,Leave
398,SPLUS.STRIPE82-0137.07777.griz,MergerObj
399,SPLUS.STRIPE82-0141.04965.griz,Leave
400,SPLUS.STRIPE82-0141.04989.griz,MergerObj
401,SPLUS.STRIPE82-0141.05336.griz,MergerAs
402,SPLUS.STRIPE82-0125.20030.griz,MergerAs
403,SPLUS.STRIPE82-0127.16416.griz,MergerObj
404,SPLUS.STRIPE82-0127.16224.griz,MergerObj
405,SPLUS.STRIPE82-0129.18740.griz,MergerObj
406,SPLUS.STRIPE82-0129.19634.griz,Leave
407,SPLUS.STRIPE82-0131.23859.griz,Spiral
408,SPLUS.STRIPE82-0137.17625.griz,MergerObj
409,SPLUS.STRIPE82-0139.27626.griz,MergerObj
410,SPLUS.STRIPE82-0143.16764.griz,Leave
411,SPLUS.STRIPE82-0143.19089.griz,MergerObj
412,SPLUS.STRIPE82-0149.17464.griz,MergerAs
413,SPLUS.STRIPE82-0131.37845.griz,Leave
414,SPLUS.STRIPE82-0129.26648.griz,MergerObj
415,SPLUS.STRIPE82-0139.20547.griz,MergerObj
416,SPLUS.STRIPE82-0141.22777.griz,Leave
417,SPLUS.STRIPE82-0149.26849.griz,MergerObj
418,SPLUS.STRIPE82-0149.26691.griz,MergerObj
419,SPLUS.STRIPE82-0142.03873.griz,MergerObj
420,SPLUS.STRIPE82-0146.03006.griz,MergerObj
421,SPLUS.STRIPE82-0150.02769.griz,MergerObj
422,SPLUS.STRIPE82-0126.06883.griz,MergerObj
423,SPLUS.STRIPE82-0128.16877.griz,MergerObj
424,SPLUS.STRIPE82-0128.18372.griz,MergerObj
425,SPLUS.STRIPE82-0130.11259.griz,Leave
426,SPLUS.STRIPE82-0134.11735.griz,MergerObj
427,SPLUS.STRIPE82-0142.12072.griz,MergerObj
428,SPLUS.STRIPE82-0146.10129.griz,MergerObj
429,SPLUS.STRIPE82-0148.11244.griz,Leave
430,SPLUS.STRIPE82-0126.18212.griz,Leave
431,SPLUS.STRIPE82-0128.31833.griz,Leave
432,SPLUS.STRIPE82-0144.26089.griz,Leave
433,SPLUS.STRIPE82-0150.21375.griz,MergerObj
434,SPLUS.STRIPE82-0155.03939.griz,Leave
435,SPLUS.STRIPE82-0161.04712.griz,MergerObj
436,SPLUS.STRIPE82-0167.06879.griz,MergerObj
437,SPLUS.STRIPE82-0001.03521.griz,MergerObj
438,SPLUS.STRIPE82-0003.05544.griz,MergerObj
439,SPLUS.STRIPE82-0007.06521.griz,MergerObj
440,SPLUS.STRIPE82-0009.11507.griz,MergerObj
441,SPLUS.STRIPE82-0009.06600.griz,MergerObj
442,SPLUS.STRIPE82-0011.06732.griz,MergerObj
443,SPLUS.STRIPE82-0017.04231.griz,MergerObj
444,SPLUS.STRIPE82-0021.08246.griz,MergerObj
445,SPLUS.STRIPE82-0021.08075.griz,MergerAs
446,SPLUS.STRIPE82-0021.03866.griz,MergerObj
447,SPLUS.STRIPE82-0021.06254.griz,MergerObj
448,SPLUS.STRIPE82-0023.05316.griz,MergerObj
449,SPLUS.STRIPE82-0031.04193.griz,MergerObj
450,SPLUS.STRIPE82-0037.03332.griz,MergerObj
451,SPLUS.STRIPE82-0039.06890.griz,MergerObj
452,SPLUS.STRIPE82-0047.03835.griz,MergerObj
453,SPLUS.STRIPE82-0047.02854.griz,MergerObj
454,SPLUS.STRIPE82-0053.06869.griz,MergerObj
455,SPLUS.STRIPE82-0053.05792.griz,MergerObj
456,SPLUS.STRIPE82-0053.05968.griz,Leave
457,SPLUS.STRIPE82-0055.07186.griz,MergerObj
458,SPLUS.STRIPE82-0055.04434.griz,MergerObj
459,SPLUS.STRIPE82-0059.07385.griz,MergerObj
460,SPLUS.STRIPE82-0071.06766.griz,MergerObj
461,SPLUS.STRIPE82-0073.07693.griz,Leave
462,SPLUS.STRIPE82-0075.04680.griz,Leave
463,SPLUS.STRIPE82-0077.05685.griz,MergerObj
464,SPLUS.STRIPE82-0081.04514.griz,Leave
465,SPLUS.STRIPE82-0161.13534.griz,MergerObj
466,SPLUS.STRIPE82-0161.25234.griz,MergerObj
467,SPLUS.STRIPE82-0165.16904.griz,MergerObj
468,SPLUS.STRIPE82-0167.17438.griz,MergerObj
469,SPLUS.STRIPE82-0169.12213.griz,Leave
470,SPLUS.STRIPE82-0001.27137.griz,MergerObj
471,SPLUS.STRIPE82-0003.13351.griz,MergerObj
472,SPLUS.STRIPE82-0009.19665.griz,MergerObj
473,SPLUS.STRIPE82-0011.12987.griz,MergerObj
474,SPLUS.STRIPE82-0013.17447.griz,MergerObj
475,SPLUS.STRIPE82-0015.13215.griz,Leave
476,SPLUS.STRIPE82-0017.15686.griz,MergerAs
477,SPLUS.STRIPE82-0019.28581.griz,MergerObj
478,SPLUS.STRIPE82-0023.12086.griz,MergerObj
479,SPLUS.STRIPE82-0025.17345.griz,MergerObj
480,SPLUS.STRIPE82-0031.13044.griz,MergerObj
481,SPLUS.STRIPE82-0035.25558.griz,MergerObj
482,SPLUS.STRIPE82-0039.17578.griz,MergerObj
483,SPLUS.STRIPE82-0039.21825.griz,MergerObj
484,SPLUS.STRIPE82-0039.17771.griz,MergerObj
485,SPLUS.STRIPE82-0041.17829.griz,Leave
486,SPLUS.STRIPE82-0043.20794.griz,MergerObj
487,SPLUS.STRIPE82-0045.14023.griz,MergerObj
488,SPLUS.STRIPE82-0047.09912.griz,MergerObj
489,SPLUS.STRIPE82-0047.09882.griz,MergerObj
490,SPLUS.STRIPE82-0053.18062.griz,MergerObj
491,SPLUS.STRIPE82-0057.13931.griz,Lenticular
492,SPLUS.STRIPE82-0059.18286.griz,MergerObj
493,SPLUS.STRIPE82-0061.18010.griz,MergerObj
494,SPLUS.STRIPE82-0067.15343.griz,MergerObj
495,SPLUS.STRIPE82-0075.15293.griz,MergerObj
496,SPLUS.STRIPE82-0083.13542.griz,Leave
497,SPLUS.STRIPE82-0157.42528.griz,MergerObj
498,SPLUS.STRIPE82-0157.42925.griz,Spiral
499,SPLUS.STRIPE82-0159.15230.griz,MergerObj
500,SPLUS.STRIPE82-0163.22271.griz,Leave
501,SPLUS.STRIPE82-0169.15653.griz,Leave
502,SPLUS.STRIPE82-0007.24508.griz,Elliptical
503,SPLUS.STRIPE82-0007.30926.griz,MergerObj
504,SPLUS.STRIPE82-0007.22549.griz,MergerObj
505,SPLUS.STRIPE82-0007.21772.griz,MergerAs
506,SPLUS.STRIPE82-0007.22199.griz,MergerObj
507,SPLUS.STRIPE82-0007.24435.griz,MergerObj
508,SPLUS.STRIPE82-0007.23013.griz,MergerObj
509,SPLUS.STRIPE82-0009.41245.griz,MergerObj
510,SPLUS.STRIPE82-0011.25564.griz,MergerObj
511,SPLUS.STRIPE82-0013.21901.griz,MergerObj
512,SPLUS.STRIPE82-0019.22311.griz,Spiral
513,SPLUS.STRIPE82-0019.22644.griz,Spiral
514,SPLUS.STRIPE82-0021.24039.griz,MergerObj
515,SPLUS.STRIPE82-0021.24835.griz,MergerObj
516,SPLUS.STRIPE82-0023.21974.griz,MergerObj
517,SPLUS.STRIPE82-0023.24945.griz,MergerObj
518,SPLUS.STRIPE82-0023.22170.griz,Elliptical
519,SPLUS.STRIPE82-0023.23622.griz,MergerObj
520,SPLUS.STRIPE82-0029.36856.griz,MergerObj
521,SPLUS.STRIPE82-0047.15345.griz,MergerObj
522,SPLUS.STRIPE82-0059.32757.griz,MergerObj
523,SPLUS.STRIPE82-0061.24116.griz,MergerObj
524,SPLUS.STRIPE82-0061.37665.griz,Leave
525,SPLUS.STRIPE82-0063.18388.griz,MergerObj
526,SPLUS.STRIPE82-0067.22768.griz,MergerObj
527,SPLUS.STRIPE82-0071.22820.griz,Leave
528,SPLUS.STRIPE82-0079.23347.griz,MergerObj
529,SPLUS.STRIPE82-0156.04207.griz,MergerAs
530,SPLUS.STRIPE82-0158.02915.griz,MergerObj
531,SPLUS.STRIPE82-0160.02325.griz,Leave
532,SPLUS.STRIPE82-0164.06023.griz,Leave
533,SPLUS.STRIPE82-0166.02798.griz,MergerObj
534,SPLUS.STRIPE82-0170.03844.griz,MergerObj
535,SPLUS.STRIPE82-0005.11666.griz,MergerObj
536,SPLUS.STRIPE82-0008.02175.griz,MergerObj
537,SPLUS.STRIPE82-0012.03659.griz,Leave
538,SPLUS.STRIPE82-0012.03995.griz,MergerObj
539,SPLUS.STRIPE82-0014.03799.griz,MergerObj
540,SPLUS.STRIPE82-0016.03568.griz,Leave
541,SPLUS.STRIPE82-0015.29872.griz,MergerObj
542,SPLUS.STRIPE82-0016.00489.griz,MergerObj
543,SPLUS.STRIPE82-0018.03941.griz,MergerObj
544,SPLUS.STRIPE82-0018.04459.griz,MergerAs
545,SPLUS.STRIPE82-0018.01372.griz,MergerObj
546,SPLUS.STRIPE82-0024.01845.griz,MergerObj
547,SPLUS.STRIPE82-0026.03302.griz,Leave
548,SPLUS.STRIPE82-0166.02798.griz,MergerObj
549,SPLUS.STRIPE82-0170.03844.griz,MergerObj
550,SPLUS.STRIPE82-0005.11666.griz,MergerObj
551,SPLUS.STRIPE82-0008.02175.griz,MergerObj
552,SPLUS.STRIPE82-0012.03659.griz,Leave
553,SPLUS.STRIPE82-0012.03995.griz,MergerObj
554,SPLUS.STRIPE82-0014.03799.griz,MergerObj
555,SPLUS.STRIPE82-0016.03568.griz,Leave
556,SPLUS.STRIPE82-0015.29872.griz,MergerAs
557,SPLUS.STRIPE82-0016.00489.griz,MergerObj
558,SPLUS.STRIPE82-0018.03941.griz,MergerObj
559,SPLUS.STRIPE82-0018.04459.griz,Leave
560,SPLUS.STRIPE82-0018.01372.griz,MergerObj
561,SPLUS.STRIPE82-0024.01845.griz,MergerObj
562,SPLUS.STRIPE82-0026.03302.griz,Leave
563,SPLUS.STRIPE82-0028.02699.griz,Leave
564,SPLUS.STRIPE82-0028.00889.griz,MergerObj
565,SPLUS.STRIPE82-0034.00511.griz,MergerObj
566,SPLUS.STRIPE82-0034.02817.griz,MergerObj
567,SPLUS.STRIPE82-0038.01362.griz,MergerObj
568,SPLUS.STRIPE82-0042.04106.griz,MergerObj
569,SPLUS.STRIPE82-0042.02672.griz,MergerObj
570,SPLUS.STRIPE82-0042.04250.griz,MergerObj
571,SPLUS.STRIPE82-0044.00808.griz,Leave
572,SPLUS.STRIPE82-0044.03308.griz,MergerObj
573,SPLUS.STRIPE82-0045.31249.griz,MergerObj
574,SPLUS.STRIPE82-0046.00791.griz,MergerObj
575,SPLUS.STRIPE82-0062.00501.griz,MergerObj
576,SPLUS.STRIPE82-0064.02558.griz,MergerAs
577,SPLUS.STRIPE82-0066.02264.griz,MergerObj
578,SPLUS.STRIPE82-0068.02616.griz,MergerObj
579,SPLUS.STRIPE82-0068.02449.griz,MergerObj
580,SPLUS.STRIPE82-0070.01678.griz,MergerObj
581,SPLUS.STRIPE82-0070.01854.griz,Leave
582,SPLUS.STRIPE82-0073.30045.griz,MergerObj
583,SPLUS.STRIPE82-0078.03968.griz,MergerObj
584,SPLUS.STRIPE82-0158.08387.griz,MergerAs
585,SPLUS.STRIPE82-0158.08378.griz,MergerAs
586,SPLUS.STRIPE82-0158.11220.griz,MergerObj
587,SPLUS.STRIPE82-0168.07100.griz,MergerObj
588,SPLUS.STRIPE82-0168.06742.griz,MergerObj
589,SPLUS.STRIPE82-0006.08911.griz,Leave
590,SPLUS.STRIPE82-0006.07156.griz,MergerObj
591,SPLUS.STRIPE82-0008.14517.griz,Leave
592,SPLUS.STRIPE82-0012.12809.griz,Spiral
593,SPLUS.STRIPE82-0014.12652.griz,MergerObj
594,SPLUS.STRIPE82-0022.07855.griz,MergerAs
595,SPLUS.STRIPE82-0022.05396.griz,MergerObj
596,SPLUS.STRIPE82-0024.08771.griz,MergerObj
597,SPLUS.STRIPE82-0026.17774.griz,MergerAs
598,SPLUS.STRIPE82-0030.11801.griz,MergerObj
599,SPLUS.STRIPE82-0032.11484.griz,MergerObj
600,SPLUS.STRIPE82-0034.08670.griz,MergerObj
601,SPLUS.STRIPE82-0048.11520.griz,MergerObj
602,SPLUS.STRIPE82-0050.12231.griz,MergerObj
603,SPLUS.STRIPE82-0050.14001.griz,MergerObj
604,SPLUS.STRIPE82-0058.12762.griz,MergerObj
605,SPLUS.STRIPE82-0058.11288.griz,MergerObj
606,SPLUS.STRIPE82-0156.20240.griz,Leave
607,SPLUS.STRIPE82-0158.27539.griz,MergerObj
608,SPLUS.STRIPE82-0160.21986.griz,MergerObj
609,SPLUS.STRIPE82-0162.23870.griz,MergerObj
610,SPLUS.STRIPE82-0164.40669.griz,MergerObj
611,SPLUS.STRIPE82-0164.39910.griz,MergerObj
612,SPLUS.STRIPE82-0170.27075.griz,MergerObj
613,SPLUS.STRIPE82-0170.28780.griz,MergerObj
614,SPLUS.STRIPE82-0170.27832.griz,Leave
615,SPLUS.STRIPE82-0170.26359.griz,MergerObj
616,SPLUS.STRIPE82-0002.28866.griz,Leave
617,SPLUS.STRIPE82-0018.27443.griz,MergerObj
618,SPLUS.STRIPE82-0024.27226.griz,MergerObj
619,SPLUS.STRIPE82-0024.23711.griz,MergerAs
620,SPLUS.STRIPE82-0028.24043.griz,MergerObj
621,SPLUS.STRIPE82-0028.22983.griz,MergerObj
622,SPLUS.STRIPE82-0032.24039.griz,MergerObj
623,SPLUS.STRIPE82-0038.23945.griz,MergerObj
624,SPLUS.STRIPE82-0044.28024.griz,MergerObj
625,SPLUS.STRIPE82-0048.24980.griz,MergerObj
626,SPLUS.STRIPE82-0060.11549.griz,MergerObj
627,SPLUS.STRIPE82-0062.22490.griz,Spiral
628,SPLUS.STRIPE82-0066.24814.griz,MergerObj
629,SPLUS.STRIPE82-0066.27030.griz,MergerObj
630,SPLUS.STRIPE82-0076.23579.griz,MergerAs
631,SPLUS.STRIPE82-0082.24654.griz,Leave
632,SPLUS.STRIPE82-0101.10970.griz,Spiral
633,SPLUS.STRIPE82-0103.11466.griz,MergerAs
634,SPLUS.STRIPE82-0103.10373.griz,Spiral
635,SPLUS.STRIPE82-0107.07714.griz,Spiral
636,SPLUS.STRIPE82-0115.09492.griz,MergerAs
637,SPLUS.STRIPE82-0117.09004.griz,MergerAs
638,SPLUS.STRIPE82-0121.10632.griz,MergerAs
639,SPLUS.STRIPE82-0105.28477.griz,Lenticular
640,SPLUS.STRIPE82-0107.27365.griz,Spiral
641,SPLUS.STRIPE82-0109.31992.griz,Spiral
642,SPLUS.STRIPE82-0113.25871.griz,Lenticular
643,SPLUS.STRIPE82-0119.35569.griz,Spiral
644,SPLUS.STRIPE82-0123.20450.griz,MergerAs
645,SPLUS.STRIPE82-0123.20606.griz,Spiral
646,SPLUS.STRIPE82-0105.53628.griz,Spiral
647,SPLUS.STRIPE82-0105.49205.griz,Spiral
648,SPLUS.STRIPE82-0119.35569.griz,Spiral
649,SPLUS.STRIPE82-0123.20450.griz,Spiral
650,SPLUS.STRIPE82-0123.20606.griz,Spiral
651,SPLUS.STRIPE82-0105.53628.griz,Spiral
652,SPLUS.STRIPE82-0105.49205.griz,Spiral
653,SPLUS.STRIPE82-0107.48580.griz,Spiral
654,SPLUS.STRIPE82-0107.48796.griz,MergerAs
655,SPLUS.STRIPE82-0111.54678.griz,Spiral
656,SPLUS.STRIPE82-0113.44483.griz,Spiral
657,SPLUS.STRIPE82-0117.42423.griz,Spiral
658,SPLUS.STRIPE82-0117.45422.griz,Lenticular
659,SPLUS.STRIPE82-0119.56383.griz,Spiral
660,SPLUS.STRIPE82-0123.38822.griz,Spiral
661,SPLUS.STRIPE82-0123.38782.griz,Spiral
662,SPLUS.STRIPE82-0105.59758.griz,MergerAs
663,SPLUS.STRIPE82-0108.01087.griz,Spiral
664,SPLUS.STRIPE82-0110.08518.griz,Spiral
665,SPLUS.STRIPE82-0109.57367.griz,MergerObj
666,SPLUS.STRIPE82-0112.07187.griz,Spiral
667,SPLUS.STRIPE82-0114.02435.griz,MergerObj
668,SPLUS.STRIPE82-0114.06040.griz,Spiral
669,SPLUS.STRIPE82-0115.30148.griz,Spiral
670,SPLUS.STRIPE82-0116.00942.griz,MergerAs
671,SPLUS.STRIPE82-0118.06142.griz,Spiral
672,SPLUS.STRIPE82-0118.05121.griz,MergerAs
673,SPLUS.STRIPE82-0118.02315.griz,Spiral
674,SPLUS.STRIPE82-0120.03445.griz,MergerObj
675,SPLUS.STRIPE82-0124.02205.griz,MergerAs
676,SPLUS.STRIPE82-0102.38661.griz,Spiral
677,SPLUS.STRIPE82-0106.22497.griz,Spiral
678,SPLUS.STRIPE82-0110.24008.griz,Spiral
679,SPLUS.STRIPE82-0110.24999.griz,Spiral
680,SPLUS.STRIPE82-0114.21075.griz,Spiral
681,SPLUS.STRIPE82-0114.14630.griz,MergerAs
682,SPLUS.STRIPE82-0116.22269.griz,Spiral
683,SPLUS.STRIPE82-0116.18196.griz,Spiral
684,SPLUS.STRIPE82-0118.21757.griz,MergerAs
685,SPLUS.STRIPE82-0118.21890.griz,Spiral
686,SPLUS.STRIPE82-0120.15070.griz,Spiral
687,SPLUS.STRIPE82-0120.21128.griz,Leave
688,SPLUS.STRIPE82-0120.19509.griz,Spiral
689,SPLUS.STRIPE82-0122.14349.griz,Spiral
690,SPLUS.STRIPE82-0122.15714.griz,Spiral
691,SPLUS.STRIPE82-0122.17761.griz,MergerObj
692,SPLUS.STRIPE82-0106.39453.griz,Spiral
693,SPLUS.STRIPE82-0108.44603.griz,Spiral
694,SPLUS.STRIPE82-0110.44197.griz,Spiral
695,SPLUS.STRIPE82-0110.41699.griz,Spiral
696,SPLUS.STRIPE82-0120.29284.griz,Spiral
697,SPLUS.STRIPE82-0120.31048.griz,Spiral
698,SPLUS.STRIPE82-0101.28898.griz,MergerAs
699,SPLUS.STRIPE82-0101.30755.griz,Spiral
700,SPLUS.STRIPE82-0105.22695.griz,MergerAs
701,SPLUS.STRIPE82-0105.19257.griz,Spiral
702,SPLUS.STRIPE82-0105.22577.griz,Spiral
703,SPLUS.STRIPE82-0109.18734.griz,Spiral
704,SPLUS.STRIPE82-0111.22926.griz,Spiral
705,SPLUS.STRIPE82-0113.14995.griz,Spiral
706,SPLUS.STRIPE82-0101.55107.griz,Spiral
707,SPLUS.STRIPE82-0107.43389.griz,Spiral
708,SPLUS.STRIPE82-0107.40900.griz,Spiral
709,SPLUS.STRIPE82-0109.41895.griz,Spiral
710,SPLUS.STRIPE82-0115.26989.griz,MergerAs
711,SPLUS.STRIPE82-0103.67415.griz,Spiral
712,SPLUS.STRIPE82-0105.67609.griz,Leave
713,SPLUS.STRIPE82-0105.64201.griz,Spiral
714,SPLUS.STRIPE82-0113.51931.griz,Spiral
715,SPLUS.STRIPE82-0104.14379.griz,MergerAs
0,SPLUS.STRIPE82-0113.46612.griz,Spiral
0,SPLUS.STRIPE82-0113.51931.griz,Spiral
0,SPLUS.STRIPE82-0104.14379.griz,MergerAs
0,SPLUS.STRIPE82-0108.12140.griz,Spiral
0,SPLUS.STRIPE82-0108.12952.griz,Spiral
0,SPLUS.STRIPE82-0108.10384.griz,Spiral
0,SPLUS.STRIPE82-0108.16387.griz,Spiral
0,SPLUS.STRIPE82-0106.35140.griz,Spiral
0,SPLUS.STRIPE82-0110.32530.griz,MergerObj
0,SPLUS.STRIPE82-0110.35270.griz,Spiral
0,SPLUS.STRIPE82-0116.27902.griz,Spiral
0,SPLUS.STRIPE82-0100.87156.griz,Spiral
0,SPLUS.STRIPE82-0108.60632.griz,Spiral
0,SPLUS.STRIPE82-0110.57583.griz,Lenticular
0,SPLUS.STRIPE82-0114.40394.griz,Spiral
0,SPLUS.STRIPE82-0119.18911.griz,Spiral
0,SPLUS.STRIPE82-0121.15336.griz,Spiral
0,SPLUS.STRIPE82-0121.19660.griz,Spiral
0,SPLUS.STRIPE82-0123.13332.griz,Spiral
0,SPLUS.STRIPE82-0123.15263.griz,Spiral
0,SPLUS.STRIPE82-0123.15850.griz,Spiral
0,SPLUS.STRIPE82-0125.11804.griz,Spiral
0,SPLUS.STRIPE82-0125.17723.griz,Spiral
0,SPLUS.STRIPE82-0127.13029.griz,Spiral
0,SPLUS.STRIPE82-0133.11014.griz,Spiral
0,SPLUS.STRIPE82-0133.09737.griz,Spiral
0,SPLUS.STRIPE82-0133.15348.griz,MergerAs
0,SPLUS.STRIPE82-0135.10607.griz,MergerAs
0,SPLUS.STRIPE82-0135.14641.griz,MergerAs
0,SPLUS.STRIPE82-0135.10555.griz,Spiral
0,SPLUS.STRIPE82-0141.11522.griz,Spiral
0,SPLUS.STRIPE82-0141.11260.griz,Spiral
0,SPLUS.STRIPE82-0141.09846.griz,Spiral
0,SPLUS.STRIPE82-0143.12862.griz,Spiral
0,SPLUS.STRIPE82-0141.12370.griz,Spiral
0,SPLUS.STRIPE82-0143.15352.griz,Spiral
0,SPLUS.STRIPE82-0143.14831.griz,Spiral
0,SPLUS.STRIPE82-0143.14646.griz,Spiral
0,SPLUS.STRIPE82-0149.13697.griz,Spiral
0,SPLUS.STRIPE82-0153.15371.griz,Spiral
0,SPLUS.STRIPE82-0153.12522.griz,Spiral
0,SPLUS.STRIPE82-0155.12383.griz,Spiral
0,SPLUS.STRIPE82-0155.12394.griz,Spiral
0,SPLUS.STRIPE82-0157.15815.griz,Spiral
0,SPLUS.STRIPE82-0157.17373.griz,MergerAs
0,SPLUS.STRIPE82-0157.15432.griz,Spiral
0,SPLUS.STRIPE82-0159.05938.griz,Spiral
0,SPLUS.STRIPE82-0161.10032.griz,Spiral
0,SPLUS.STRIPE82-0163.08850.griz,Spiral
0,SPLUS.STRIPE82-0165.09714.griz,Spiral
0,SPLUS.STRIPE82-0165.12297.griz,Spiral
0,SPLUS.STRIPE82-0169.05353.griz,Spiral
0,SPLUS.STRIPE82-0169.07094.griz,Spiral
0,SPLUS.STRIPE82-0003.04206.griz,Spiral
0,SPLUS.STRIPE82-0003.09475.griz,Spiral
0,SPLUS.STRIPE82-0003.09397.griz,MergerAs
0,SPLUS.STRIPE82-0003.10890.griz,Spiral
0,SPLUS.STRIPE82-0005.08390.griz,Spiral
0,SPLUS.STRIPE82-0007.07844.griz,Spiral
0,SPLUS.STRIPE82-0009.19154.griz,Spiral
0,SPLUS.STRIPE82-0013.09574.griz,Spiral
0,SPLUS.STRIPE82-0013.08937.griz,Spiral
0,SPLUS.STRIPE82-0013.07653.griz,Spiral
0,SPLUS.STRIPE82-0015.11343.griz,Spiral
0,SPLUS.STRIPE82-0017.08756.griz,Spiral
0,SPLUS.STRIPE82-0017.07729.griz,Spiral
0,SPLUS.STRIPE82-0017.08255.griz,Spiral
0,SPLUS.STRIPE82-0019.10698.griz,Spiral
0,SPLUS.STRIPE82-0023.09276.griz,Spiral
0,SPLUS.STRIPE82-0119.38533.griz,Spiral
0,SPLUS.STRIPE82-0121.30759.griz,Spiral
0,SPLUS.STRIPE82-0123.27319.griz,MergerAs
0,SPLUS.STRIPE82-0127.28903.griz,MergerObj
0,SPLUS.STRIPE82-0129.29632.griz,Spiral
0,SPLUS.STRIPE82-0131.27532.griz,Spiral
0,SPLUS.STRIPE82-0131.26193.griz,Spiral
0,SPLUS.STRIPE82-0131.26449.griz,Spiral
0,SPLUS.STRIPE82-0131.26805.griz,Spiral
0,SPLUS.STRIPE82-0135.27470.griz,Spiral
0,SPLUS.STRIPE82-0143.25439.griz,MergerAs
0,SPLUS.STRIPE82-0143.27825.griz,Spiral
0,SPLUS.STRIPE82-0153.28556.griz,Spiral
0,SPLUS.STRIPE82-0155.29895.griz,MergerObj
0,SPLUS.STRIPE82-0157.30927.griz,MergerAs
0,SPLUS.STRIPE82-0161.23829.griz,Spiral
0,SPLUS.STRIPE82-0163.24675.griz,Spiral
0,SPLUS.STRIPE82-0163.25840.griz,Spiral
0,SPLUS.STRIPE82-0163.25362.griz,Spiral
0,SPLUS.STRIPE82-0163.27638.griz,Spiral
0,SPLUS.STRIPE82-0165.19518.griz,Spiral
0,SPLUS.STRIPE82-0165.28335.griz,Spiral
0,SPLUS.STRIPE82-0003.28122.griz,Spiral
0,SPLUS.STRIPE82-0005.25770.griz,Spiral
0,SPLUS.STRIPE82-0005.22932.griz,Spiral
0,SPLUS.STRIPE82-0005.22647.griz,Spiral
0,SPLUS.STRIPE82-0007.25160.griz,Spiral
0,SPLUS.STRIPE82-0007.26257.griz,Spiral
0,SPLUS.STRIPE82-0007.25441.griz,Spiral
0,SPLUS.STRIPE82-0009.30364.griz,Spiral
0,SPLUS.STRIPE82-0019.21916.griz,Spiral
0,SPLUS.STRIPE82-0117.54244.griz,Spiral
0,SPLUS.STRIPE82-0117.52361.griz,Spiral
0,SPLUS.STRIPE82-0117.49847.griz,Spiral
0,SPLUS.STRIPE82-0119.59837.griz,Spiral
0,SPLUS.STRIPE82-0119.49391.griz,Spiral
0,SPLUS.STRIPE82-0121.37833.griz,Spiral
0,SPLUS.STRIPE82-0127.34237.griz,Spiral
0,SPLUS.STRIPE82-0131.31291.griz,Spiral
0,SPLUS.STRIPE82-0135.33572.griz,Spiral
0,SPLUS.STRIPE82-0139.17027.griz,MergerAs
0,SPLUS.STRIPE82-0147.32215.griz,MergerObj
0,SPLUS.STRIPE82-0147.30953.griz,Spiral
0,SPLUS.STRIPE82-0149.32314.griz,Spiral
0,SPLUS.STRIPE82-0153.31498.griz,Spiral
0,SPLUS.STRIPE82-0153.32242.griz,Spiral
0,SPLUS.STRIPE82-0155.31368.griz,Spiral
0,SPLUS.STRIPE82-0155.32449.griz,Spiral
0,SPLUS.STRIPE82-0155.18893.griz,Spiral
0,SPLUS.STRIPE82-0157.47772.griz,Spiral
0,SPLUS.STRIPE82-0159.12450.griz,Spiral
0,SPLUS.STRIPE82-0159.12440.griz,MergerAs
0,SPLUS.STRIPE82-0161.15863.griz,Spiral
0,SPLUS.STRIPE82-0163.20142.griz,Spiral
0,SPLUS.STRIPE82-0165.35084.griz,Spiral
0,SPLUS.STRIPE82-0165.21608.griz,Spiral
0,SPLUS.STRIPE82-0169.14360.griz,Spiral
0,SPLUS.STRIPE82-0001.13791.griz,Spiral
0,SPLUS.STRIPE82-0003.16852.griz,Spiral
0,SPLUS.STRIPE82-0005.15141.griz,Spiral
0,SPLUS.STRIPE82-0007.18084.griz,Spiral
0,SPLUS.STRIPE82-0007.16548.griz,Spiral
0,SPLUS.STRIPE82-0007.17216.griz,Spiral
0,SPLUS.STRIPE82-0007.17399.griz,Spiral
0,SPLUS.STRIPE82-0009.50675.griz,Spiral
0,SPLUS.STRIPE82-0013.31061.griz,Spiral
0,SPLUS.STRIPE82-0013.19156.griz,Spiral
0,SPLUS.STRIPE82-0013.19663.griz,Spiral
0,SPLUS.STRIPE82-0013.19742.griz,Spiral
0,SPLUS.STRIPE82-0017.19339.griz,Spiral
0,SPLUS.STRIPE82-0019.17834.griz,Spiral
0,SPLUS.STRIPE82-0019.16665.griz,MergerAs
0,SPLUS.STRIPE82-0021.33565.griz,Spiral
0,SPLUS.STRIPE82-0021.33696.griz,Spiral
0,SPLUS.STRIPE82-0023.16882.griz,Leave
0,SPLUS.STRIPE82-0116.08269.griz,Spiral
0,SPLUS.STRIPE82-0116.10454.griz,Spiral
0,SPLUS.STRIPE82-0118.12195.griz,Spiral
0,SPLUS.STRIPE82-0120.08393.griz,Spiral
0,SPLUS.STRIPE82-0120.12743.griz,Spiral
0,SPLUS.STRIPE82-0120.11867.griz,Spiral
0,SPLUS.STRIPE82-0122.07332.griz,Spiral
0,SPLUS.STRIPE82-0122.08904.griz,Spiral
0,SPLUS.STRIPE82-0122.10016.griz,MergerAs
0,SPLUS.STRIPE82-0122.08504.griz,Spiral
0,SPLUS.STRIPE82-0126.04748.griz,Spiral
0,SPLUS.STRIPE82-0128.14110.griz,Spiral
0,SPLUS.STRIPE82-0130.04064.griz,Spiral
0,SPLUS.STRIPE82-0130.05694.griz,Leave
0,SPLUS.STRIPE82-0130.06124.griz,Spiral
0,SPLUS.STRIPE82-0132.08965.griz,Spiral
0,SPLUS.STRIPE82-0136.03900.griz,Spiral
0,SPLUS.STRIPE82-0136.05899.griz,Spiral
0,SPLUS.STRIPE82-0140.09561.griz,Spiral
0,SPLUS.STRIPE82-0144.08348.griz,Spiral
0,SPLUS.STRIPE82-0146.07903.griz,Spiral
0,SPLUS.STRIPE82-0148.09632.griz,Spiral
0,SPLUS.STRIPE82-0148.08757.griz,Spiral
0,SPLUS.STRIPE82-0154.06543.griz,Spiral
0,SPLUS.STRIPE82-0154.06433.griz,Spiral
0,SPLUS.STRIPE82-0158.03637.griz,Spiral
0,SPLUS.STRIPE82-0160.03937.griz,MergerAs
0,SPLUS.STRIPE82-0162.04328.griz,Spiral
0,SPLUS.STRIPE82-0168.03426.griz,Spiral
0,SPLUS.STRIPE82-0004.06023.griz,Spiral
0,SPLUS.STRIPE82-0004.04590.griz,Spiral
0,SPLUS.STRIPE82-0006.04640.griz,Spiral
0,SPLUS.STRIPE82-0006.03532.griz,Spiral
0,SPLUS.STRIPE82-0008.06065.griz,MergerAs
0,SPLUS.STRIPE82-0010.09023.griz,Spiral
0,SPLUS.STRIPE82-0012.10293.griz,Spiral
0,SPLUS.STRIPE82-0012.07475.griz,Spiral
0,SPLUS.STRIPE82-0018.11108.griz,MergerAs
0,SPLUS.STRIPE82-0020.09271.griz,MergerAs
0,SPLUS.STRIPE82-0022.03928.griz,Spiral
0,SPLUS.STRIPE82-0126.04527.griz,Spiral
0,SPLUS.STRIPE82-0118.26345.griz,Spiral
0,SPLUS.STRIPE82-0120.25642.griz,MergerObj
0,SPLUS.STRIPE82-0124.25019.griz,Spiral
0,SPLUS.STRIPE82-0132.25099.griz,MergerObj
0,SPLUS.STRIPE82-0136.14365.griz,Spiral
0,SPLUS.STRIPE82-0136.14111.griz,Spiral
0,SPLUS.STRIPE82-0136.29381.griz,Leave
0,SPLUS.STRIPE82-0140.22872.griz,MergerAs
0,SPLUS.STRIPE82-0142.27976.griz,Spiral
0,SPLUS.STRIPE82-0142.14677.griz,MergerObj
0,SPLUS.STRIPE82-0146.14386.griz,Spiral
0,SPLUS.STRIPE82-0150.24213.griz,Spiral
0,SPLUS.STRIPE82-0152.22547.griz,MergerObj
0,SPLUS.STRIPE82-0152.22154.griz,Spiral
0,SPLUS.STRIPE82-0160.14502.griz,Spiral
0,SPLUS.STRIPE82-0168.24999.griz,Spiral
0,SPLUS.STRIPE82-0002.18076.griz,Spiral
0,SPLUS.STRIPE82-0008.15239.griz,Spiral
0,SPLUS.STRIPE82-0008.15672.griz,Spiral
0,SPLUS.STRIPE82-0008.15299.griz,Spiral
0,SPLUS.STRIPE82-0012.29765.griz,Spiral
0,SPLUS.STRIPE82-0016.15835.griz,Spiral
0,SPLUS.STRIPE82-0016.29566.griz,Spiral
0,SPLUS.STRIPE82-0020.30102.griz,MergerAs
0,SPLUS.STRIPE82-0022.10777.griz,Spiral
0,SPLUS.STRIPE82-0126.11536.griz,Spiral
0,SPLUS.STRIPE82-0118.43050.griz,Spiral
0,SPLUS.STRIPE82-0120.41349.griz,Spiral
0,SPLUS.STRIPE82-0120.36395.griz,Spiral
0,SPLUS.STRIPE82-0122.38016.griz,Spiral
0,SPLUS.STRIPE82-0124.39249.griz,Spiral
0,SPLUS.STRIPE82-0126.15054.griz,Spiral
0,SPLUS.STRIPE82-0150.24213.griz,Spiral
0,SPLUS.STRIPE82-0152.22547.griz,MergerObj
0,SPLUS.STRIPE82-0152.22154.griz,Spiral
0,SPLUS.STRIPE82-0160.14502.griz,Spiral
0,SPLUS.STRIPE82-0168.24999.griz,Spiral
0,SPLUS.STRIPE82-0002.18076.griz,Spiral
0,SPLUS.STRIPE82-0008.15239.griz,Spiral
0,SPLUS.STRIPE82-0008.15672.griz,Spiral
0,SPLUS.STRIPE82-0008.15299.griz,Spiral
0,SPLUS.STRIPE82-0012.29765.griz,Spiral
0,SPLUS.STRIPE82-0016.15835.griz,Spiral
0,SPLUS.STRIPE82-0016.29566.griz,Spiral
0,SPLUS.STRIPE82-0020.30102.griz,MergerAs
0,SPLUS.STRIPE82-0022.10777.griz,MergerObj
0,SPLUS.STRIPE82-0126.11536.griz,Spiral
0,SPLUS.STRIPE82-0118.43050.griz,Spiral
0,SPLUS.STRIPE82-0120.41349.griz,Spiral
0,SPLUS.STRIPE82-0120.36395.griz,Spiral
0,SPLUS.STRIPE82-0122.38016.griz,Spiral
0,SPLUS.STRIPE82-0124.39249.griz,Spiral
0,SPLUS.STRIPE82-0126.15054.griz,Spiral
0,SPLUS.STRIPE82-0126.14441.griz,Spiral
0,SPLUS.STRIPE82-0128.42240.griz,Spiral
0,SPLUS.STRIPE82-0130.19857.griz,Spiral
0,SPLUS.STRIPE82-0132.35735.griz,Spiral
0,SPLUS.STRIPE82-0136.22500.griz,Spiral
0,SPLUS.STRIPE82-0142.22418.griz,Spiral
0,SPLUS.STRIPE82-0144.23679.griz,Spiral
0,SPLUS.STRIPE82-0146.22303.griz,Spiral
0,SPLUS.STRIPE82-0146.21688.griz,Spiral
0,SPLUS.STRIPE82-0148.20255.griz,Spiral
0,SPLUS.STRIPE82-0148.23935.griz,Spiral
0,SPLUS.STRIPE82-0148.20418.griz,Spiral
0,SPLUS.STRIPE82-0150.18400.griz,Spiral
0,SPLUS.STRIPE82-0150.16681.griz,Spiral
0,SPLUS.STRIPE82-0150.17574.griz,Leave
0,SPLUS.STRIPE82-0152.34224.griz,Spiral
0,SPLUS.STRIPE82-0152.37064.griz,Spiral
0,SPLUS.STRIPE82-0158.22861.griz,MergerAs
0,SPLUS.STRIPE82-0158.21445.griz,Spiral
0,SPLUS.STRIPE82-0158.19694.griz,MergerAs
0,SPLUS.STRIPE82-0170.23024.griz,MergerAs
0,SPLUS.STRIPE82-0002.34751.griz,Spiral
0,SPLUS.STRIPE82-0004.20070.griz,Spiral
0,SPLUS.STRIPE82-0008.21414.griz,Spiral
0,SPLUS.STRIPE82-0012.20795.griz,Spiral
0,SPLUS.STRIPE82-0020.20775.griz,Spiral
0,SPLUS.STRIPE82-0023.11716.griz,Spiral
0,SPLUS.STRIPE82-0025.12074.griz,Spiral
0,SPLUS.STRIPE82-0025.11653.griz,Spiral
0,SPLUS.STRIPE82-0031.09745.griz,MergerAs
0,SPLUS.STRIPE82-0033.11151.griz,Spiral
0,SPLUS.STRIPE82-0035.05880.griz,Spiral
0,SPLUS.STRIPE82-0037.07136.griz,Spiral
0,SPLUS.STRIPE82-0039.14620.griz,Spiral
0,SPLUS.STRIPE82-0039.13570.griz,Spiral
0,SPLUS.STRIPE82-0041.10477.griz,Spiral
0,SPLUS.STRIPE82-0043.13828.griz,MergerObj
0,SPLUS.STRIPE82-0043.12402.griz,Spiral
0,SPLUS.STRIPE82-0045.11975.griz,Spiral
0,SPLUS.STRIPE82-0045.12712.griz,Spiral
0,SPLUS.STRIPE82-0047.08290.griz,Spiral
0,SPLUS.STRIPE82-0047.07127.griz,Spiral
0,SPLUS.STRIPE82-0053.12017.griz,Spiral
0,SPLUS.STRIPE82-0057.11046.griz,Spiral
0,SPLUS.STRIPE82-0057.13930.griz,MergerAs
